id,season,week,season_type,start_date,start_time_tbd,completed,neutral_site,conference_game,attendance,venue_id,venue,home_id,home_team,home_conference,home_division,home_points,home_line_scores,home_post_win_prob,home_pregame_elo,home_postgame_elo,away_id,away_team,away_conference,away_division,away_points,away_line_scores,away_post_win_prob,away_pregame_elo,away_postgame_elo,excitement_index,highlights,notes
401628320,2024,1,regular,2024-08-29T23:30:00.000Z,False,True,True,False,,3983,War Memorial Stadium (AR),8,Arkansas,SEC,fbs,70.0,"[28, 21, 7, 14]",0.9989700310726486,1454,1454.0,2029,Arkansas-Pine Bluff,SWAC,fcs,0.0,"[0, 0, 0, 0]",0.00102996892735141,,,2.5735528941,,
401628327,2024,1,regular,2024-08-30T00:00:00.000Z,False,True,False,False,,3838,Memorial Stadium,142,Missouri,SEC,fbs,51.0,"[28, 7, 10, 6]",0.9989083251415593,1744,1744.0,93,Murray State,MVFC,fcs,0.0,"[0, 0, 0, 0]",0.0010916748584407499,,,2.1957671965,,
401628328,2024,1,regular,2024-08-30T23:00:00.000Z,False,True,False,False,,3835,"Memorial Stadium (Norman, OK)",201,Oklahoma,SEC,fbs,51.0,"[17, 17, 3, 14]",0.9967305253633713,1786,1849.0,218,Temple,American Athletic,fbs,3.0,"[0, 0, 3, 0]",0.003269474636628744,1178.0,1115.0,2.6725263142,,
401628333,2024,1,regular,2024-08-31T16:00:00.000Z,False,True,False,False,,3973,FirstBank Stadium,238,Vanderbilt,SEC,fbs,34.0,"[3, 14, 3, 7, 7]",0.9759708097958583,1284,1313.0,259,Virginia Tech,ACC,fbs,27.0,"[0, 3, 10, 14, 0]",0.024029190204141737,1604.0,1575.0,7.7799416184,,
401628323,2024,1,regular,2024-08-31T16:00:00.000Z,False,True,True,False,,5348,Mercedes-Benz Stadium,61,Georgia,SEC,fbs,34.0,"[0, 6, 14, 14]",0.996798246718009,2015,2066.0,228,Clemson,ACC,fbs,3.0,"[0, 0, 3, 0]",0.0032017532819910155,1676.0,1625.0,3.9981808014,,Aflac Kickoff
401628330,2024,1,regular,2024-08-31T16:45:00.000Z,False,True,False,False,,3853,Neyland Stadium,2633,Tennessee,SEC,fbs,69.0,"[24, 21, 10, 14]",0.9989676752583595,1751,1751.0,236,Chattanooga,Southern,fcs,3.0,"[0, 0, 3, 0]",0.0010323247416405001,,,2.0752113158,,
401628322,2024,1,regular,2024-08-31T19:30:00.000Z,False,True,False,False,,3634,Ben Hill Griffin Stadium,57,Florida,SEC,fbs,17.0,"[3, 7, 0, 7]",0.0005616699198957274,1562,1497.0,2390,Miami,ACC,fbs,41.0,"[7, 17, 14, 3]",0.9994383300801043,1553.0,1618.0,2.0699906761,,
401628331,2024,1,regular,2024-08-31T19:30:00.000Z,False,True,False,False,,3910,DKR-Texas Memorial Stadium,251,Texas,SEC,fbs,52.0,"[7, 24, 14, 7]",0.9985585872365947,1850,1939.0,36,Colorado State,Mountain West,fbs,0.0,"[0, 0, 0, 0]",0.0014414127634052587,1350.0,1261.0,2.8170508876,,
401628329,2024,1,regular,2024-08-31T20:15:00.000Z,False,True,False,False,,3994,Williams-Brice Stadium,2579,South Carolina,SEC,fbs,23.0,"[10, 3, 3, 7]",0.8387262463535545,1562,1560.0,295,Old Dominion,Sun Belt,fbs,19.0,"[7, 0, 9, 3]",0.16127375364644547,1406.0,1408.0,9.802219213,,
401628326,2024,1,regular,2024-08-31T22:00:00.000Z,False,True,False,False,,3693,Davis Wade Stadium,344,Mississippi State,SEC,fbs,56.0,"[14, 21, 7, 14]",0.9988566466839199,1447,1447.0,2198,Eastern Kentucky,UAC,fcs,7.0,"[0, 7, 0, 0]",0.0011433533160800646,,,2.5389409303,,
401628325,2024,1,regular,2024-08-31T23:00:00.000Z,False,True,False,False,,3974,Vaught-Hemingway Stadium,145,Ole Miss,SEC,fbs,76.0,"[24, 28, 21, 3]",0.998970933394839,1658,1658.0,231,Furman,Southern,fcs,0.0,"[0, 0, 0, 0]",0.0010290666051609998,,,2.3622487127,,
401628319,2024,1,regular,2024-08-31T23:00:00.000Z,False,True,False,False,,3657,Bryant-Denny Stadium,333,Alabama,SEC,fbs,63.0,"[21, 21, 14, 7]",0.9989712511352644,1854,1997.0,98,Western Kentucky,Conference USA,fbs,0.0,"[0, 0, 0, 0]",0.0010287488647355847,1466.0,1323.0,2.8747278078,,
401628332,2024,1,regular,2024-08-31T23:30:00.000Z,False,True,False,False,,3795,Kyle Field,245,Texas A&M,SEC,fbs,13.0,"[3, 3, 0, 7]",0.08384600052782992,1681,1677.0,87,Notre Dame,FBS Independents,fbs,23.0,"[3, 3, 7, 10]",0.9161539994721701,1884.0,1888.0,6.4724625583,,
401628321,2024,1,regular,2024-08-31T23:30:00.000Z,False,True,False,False,,3785,Jordan-Hare Stadium,2,Auburn,SEC,fbs,73.0,"[28, 24, 14, 7]",0.9989705865931123,1556,1556.0,2010,Alabama A&M,SWAC,fcs,3.0,"[0, 3, 0, 0]",0.0010294134068876692,,,1.80631006,,
401628324,2024,1,regular,2024-08-31T23:45:00.000Z,False,True,False,False,,3683,Kroger Field,96,Kentucky,SEC,fbs,31.0,"[7, 17, 7]",0.9982728335083515,1594,1640.0,2572,Southern Miss,Sun Belt,fbs,0.0,"[0, 0, 0]",0.0017271664916485019,1276.0,1230.0,3.9004694358,,
401628334,2024,1,regular,2024-09-01T23:30:00.000Z,False,True,True,False,,6501,Allegiant Stadium,99,LSU,SEC,fbs,20.0,"[0, 10, 7, 3]",0.4234749874329003,1823,1803.0,30,USC,Big Ten,fbs,27.0,"[0, 10, 3, 14]",0.5765250125670998,1648.0,1668.0,6.9147509026,,Modelo Vegas Kickoff Classic
401628347,2024,2,regular,2024-09-07T16:00:00.000Z,False,True,False,False,,3558,Michigan Stadium,130,Michigan,Big Ten,fbs,12.0,"[0, 3, 3, 6]",0.0841280601537834,1980,1928.0,251,Texas,SEC,fbs,31.0,"[7, 17, 7, 0]",0.9158719398462166,1939.0,1991.0,1.9967699065,,
401628336,2024,2,regular,2024-09-07T16:00:00.000Z,False,True,False,False,,3646,Boone Pickens Stadium,197,Oklahoma State,Big 12,fbs,39.0,"[0, 7, 6, 18, 0, 8]",0.08043059414355525,1522,1530.0,8,Arkansas,SEC,fbs,31.0,"[14, 7, 0, 10, 0, 0]",0.9195694058564448,1454.0,1446.0,9.092680782,,
401628348,2024,2,regular,2024-09-07T16:45:00.000Z,False,True,False,False,,3795,Kyle Field,245,Texas A&M,SEC,fbs,52.0,"[14, 24, 7, 7]",0.9989583103364718,1666,1666.0,2377,McNeese,Southland,fcs,10.0,"[0, 0, 0, 10]",0.0010416896635282447,,,2.0495368455,,
401628339,2024,2,regular,2024-09-07T18:00:00.000Z,False,True,False,False,,3917,Sanford Stadium,61,Georgia,SEC,fbs,48.0,"[14, 10, 21, 3]",0.998904318902456,2079,2079.0,2635,Tennessee Tech,Big South-OVC,fcs,3.0,"[0, 0, 0, 3]",0.001095681097543988,,,2.6404091014,,
401628340,2024,2,regular,2024-09-07T19:30:00.000Z,False,True,False,True,,3683,Kroger Field,96,Kentucky,SEC,fbs,6.0,"[0, 6, 0, 0]",0.006082209207821032,1640,1563.0,2579,South Carolina,SEC,fbs,31.0,"[7, 3, 14, 7]",0.993917790792179,1560.0,1637.0,3.9452995446,,
401628337,2024,2,regular,2024-09-07T19:30:00.000Z,False,True,False,False,,3785,Jordan-Hare Stadium,2,Auburn,SEC,fbs,14.0,"[7, 0, 0, 7]",0.2525169316190977,1556,1537.0,25,California,ACC,fbs,21.0,"[7, 7, 0, 7]",0.7474830683809023,1483.0,1502.0,6.8038045019,,
401628342,2024,2,regular,2024-09-07T20:15:00.000Z,False,True,False,False,,3974,Vaught-Hemingway Stadium,145,Ole Miss,SEC,fbs,52.0,"[17, 14, 14, 7]",0.998968017794867,1658,1770.0,2393,Middle Tennessee,Conference USA,fbs,3.0,"[0, 3, 0, 0]",0.0010319822051330085,1400.0,1288.0,2.6354142701,,
401628344,2024,2,regular,2024-09-07T23:00:00.000Z,False,True,False,False,,3838,Memorial Stadium,142,Missouri,SEC,fbs,38.0,"[3, 21, 7, 7]",0.9988863863777315,1744,1803.0,2084,Buffalo,Mid-American,fbs,0.0,"[0, 0, 0, 0]",0.0011136136222684723,1357.0,1298.0,3.2483160685,,
401628338,2024,2,regular,2024-09-07T23:00:00.000Z,False,True,False,False,,3634,Ben Hill Griffin Stadium,57,Florida,SEC,fbs,45.0,"[7, 7, 14, 17]",0.9986559089730632,1493,1493.0,2535,Samford,Southern,fcs,7.0,"[0, 0, 7, 0]",0.0013440910269367778,,,3.9831706488,,
401628335,2024,2,regular,2024-09-07T23:00:00.000Z,False,True,False,False,,3657,Bryant-Denny Stadium,333,Alabama,SEC,fbs,42.0,"[7, 7, 0, 28]",0.9964872219835206,1997,2006.0,58,South Florida,American Athletic,fbs,16.0,"[3, 3, 7, 3]",0.003512778016479423,1442.0,1433.0,8.3492231748,,
401628341,2024,2,regular,2024-09-07T23:30:00.000Z,False,True,False,False,,3958,Tiger Stadium (LA),99,LSU,SEC,fbs,44.0,"[9, 14, 21, 0]",0.2641403564947987,1805,1805.0,2447,Nicholls,Southland,fcs,21.0,"[7, 7, 7, 0]",0.7358596435052013,,,4.5734053957,,
401628346,2024,2,regular,2024-09-07T23:30:00.000Z,False,True,True,False,,3628,Bank of America Stadium,152,NC State,ACC,fbs,10.0,"[0, 3, 7, 0]",0.0013081611453792652,1606,1512.0,2633,Tennessee,SEC,fbs,51.0,"[7, 13, 17, 14]",0.9986918388546208,1751.0,1845.0,2.6876723747,,Dukeâ€™s Mayo Classic
401628349,2024,2,regular,2024-09-07T23:30:00.000Z,False,True,False,False,,3973,FirstBank Stadium,238,Vanderbilt,SEC,fbs,55.0,"[10, 17, 7, 21]",0.9989565641578229,1303,1303.0,2016,Alcorn State,SWAC,fcs,0.0,"[0, 0, 0, 0]",0.0010434358421771428,,,2.6201509074,,
401628345,2024,2,regular,2024-09-07T23:45:00.000Z,False,True,False,False,,3835,"Memorial Stadium (Norman, OK)",201,Oklahoma,SEC,fbs,16.0,"[7, 7, 0, 2]",0.03463077000202154,1849,1840.0,248,Houston,Big 12,fbs,12.0,"[3, 3, 6, 0]",0.9653692299979785,1402.0,1411.0,7.4633177224,,
401628343,2024,2,regular,2024-09-08T02:30:00.000Z,False,True,False,False,,3947,Mountain America Stadium,9,Arizona State,Big 12,fbs,30.0,"[10, 17, 3, 0]",0.7141237504569228,1497,1504.0,344,Mississippi State,SEC,fbs,23.0,"[0, 3, 7, 13]",0.2858762495430772,1447.0,1440.0,3.8316762822,,
401628359,2024,3,regular,2024-09-14T16:00:00.000Z,False,True,False,True,,3994,Williams-Brice Stadium,2579,South Carolina,SEC,fbs,33.0,"[7, 17, 0, 9]",0.8567462764688526,1637,1642.0,99,LSU,SEC,fbs,36.0,"[0, 16, 6, 14]",0.1432537235311474,1803.0,1798.0,9.8185936219,,
401628350,2024,3,regular,2024-09-14T16:00:00.000Z,False,True,False,False,,347,Camp Randall Stadium,275,Wisconsin,Big Ten,fbs,10.0,"[3, 0, 7, 0]",0.0081587932041351,1593,1553.0,333,Alabama,SEC,fbs,42.0,"[7, 14, 14, 7]",0.9918412067958648,2006.0,2046.0,2.8137131564,,
401628357,2024,3,regular,2024-09-14T16:45:00.000Z,False,True,False,False,,3838,Memorial Stadium,142,Missouri,SEC,fbs,27.0,"[3, 14, 7, 3]",0.8685557691100811,1803,1795.0,103,Boston College,ACC,fbs,21.0,"[7, 7, 0, 7]",0.13144423088991886,1462.0,1470.0,5.8006475504,,
401628358,2024,3,regular,2024-09-14T19:30:00.000Z,False,True,False,False,,3835,"Memorial Stadium (Norman, OK)",201,Oklahoma,SEC,fbs,34.0,"[7, 14, 3, 10]",0.6258604373647714,1840,1848.0,2655,Tulane,American Athletic,fbs,19.0,"[0, 6, 7, 6]",0.37413956263522863,1569.0,1561.0,5.520590328,,
401628353,2024,3,regular,2024-09-14T19:30:00.000Z,False,True,False,True,,3634,Ben Hill Griffin Stadium,57,Florida,SEC,fbs,20.0,"[0, 0, 14, 6]",0.005388908230321768,1497,1485.0,245,Texas A&M,SEC,fbs,33.0,"[10, 10, 13, 0]",0.9946110917696782,1677.0,1689.0,3.0084883856,,
401628351,2024,3,regular,2024-09-14T20:15:00.000Z,False,True,False,False,,3887,Razorback Stadium,8,Arkansas,SEC,fbs,37.0,"[3, 17, 7, 10]",0.49095215439732587,1446,1451.0,5,UAB,American Athletic,fbs,27.0,"[10, 10, 0, 7]",0.5090478456026741,1270.0,1265.0,6.8537612708,,
401628355,2024,3,regular,2024-09-14T22:30:00.000Z,False,True,False,False,,3630,Allegacy Federal Credit Union Stadium,154,Wake Forest,ACC,fbs,6.0,"[3, 3, 0, 0]",0.0003568256800009375,1424,1370.0,145,Ole Miss,SEC,fbs,40.0,"[20, 3, 7, 10]",0.999643174319999,1770.0,1824.0,3.1835106946,,
401628361,2024,3,regular,2024-09-14T23:00:00.000Z,False,True,False,False,,3910,DKR-Texas Memorial Stadium,251,Texas,SEC,fbs,56.0,"[14, 14, 14, 14]",0.9988848395909953,1991,2068.0,2636,UTSA,American Athletic,fbs,7.0,"[0, 7, 0, 0]",0.001115160409004723,1467.0,1390.0,2.909180873,,
401628362,2024,3,regular,2024-09-14T23:00:00.000Z,False,True,False,False,,4246,Center Parc Stadium,2247,Georgia State,Sun Belt,fbs,36.0,"[3, 9, 10, 14]",0.4064557580733251,1370,1371.0,238,Vanderbilt,SEC,fbs,32.0,"[0, 10, 0, 22]",0.5935442419266749,1313.0,1312.0,8.4948458307,,
401628354,2024,3,regular,2024-09-14T23:30:00.000Z,False,True,False,True,,3683,Kroger Field,96,Kentucky,SEC,fbs,12.0,"[3, 3, 3, 3]",0.20705104002487187,1563,1583.0,61,Georgia,SEC,fbs,13.0,"[0, 3, 3, 7]",0.7929489599751282,2066.0,2046.0,8.9509868466,,
401628352,2024,3,regular,2024-09-14T23:30:00.000Z,False,True,False,False,,3785,Jordan-Hare Stadium,2,Auburn,SEC,fbs,45.0,"[14, 3, 14, 14]",0.9974030594036278,1537,1569.0,167,New Mexico,Mountain West,fbs,19.0,"[10, 3, 0, 6]",0.002596940596372166,1228.0,1196.0,5.2477113604,,
401628356,2024,3,regular,2024-09-14T23:30:00.000Z,False,True,False,False,,3693,Davis Wade Stadium,344,Mississippi State,SEC,fbs,17.0,"[0, 3, 7, 7]",0.0004366823800092236,1440,1386.0,2649,Toledo,Mid-American,fbs,41.0,"[7, 21, 7, 6]",0.9995633176199907,1524.0,1578.0,2.3939678093,,
401628360,2024,3,regular,2024-09-14T23:45:00.000Z,False,True,False,False,,3853,Neyland Stadium,2633,Tennessee,SEC,fbs,71.0,"[37, 28, 3, 3]",0.9989675661261332,1845,1964.0,2309,Kent State,Mid-American,fbs,0.0,"[0, 0, 0, 0]",0.001032433873866756,1108.0,989.0,2.464570702,,
401628367,2024,4,regular,2024-09-21T16:00:00.000Z,False,True,False,True,,3693,Davis Wade Stadium,344,Mississippi State,SEC,fbs,28.0,"[7, 7, 7, 7]",0.13027343637126163,1386,1355.0,57,Florida,SEC,fbs,45.0,"[7, 21, 7, 10]",0.8697265636287383,1485.0,1516.0,3.9425420269,,
401628364,2024,4,regular,2024-09-21T16:45:00.000Z,False,True,False,False,,3683,Kroger Field,96,Kentucky,SEC,fbs,41.0,"[3, 14, 10, 14]",0.9986568087619092,1583,1668.0,195,Ohio,Mid-American,fbs,6.0,"[0, 0, 0, 6]",0.0013431912380907907,1486.0,1401.0,3.2291517115,,
401628363,2024,4,regular,2024-09-21T19:30:00.000Z,False,True,False,True,,3785,Jordan-Hare Stadium,2,Auburn,SEC,fbs,14.0,"[0, 0, 7, 7]",0.4738599991671969,1569,1537.0,8,Arkansas,SEC,fbs,24.0,"[0, 7, 7, 10]",0.5261400008328031,1451.0,1483.0,7.609649793,,
401628365,2024,4,regular,2024-09-21T19:30:00.000Z,False,True,False,False,,3958,Tiger Stadium (LA),99,LSU,SEC,fbs,34.0,"[7, 10, 7, 10]",0.985005897829529,1798,1805.0,26,UCLA,Big Ten,fbs,17.0,"[10, 7, 0, 0]",0.014994102170471035,1456.0,1449.0,5.785520424,,
401628368,2024,4,regular,2024-09-21T20:15:00.000Z,False,True,False,True,,3838,Memorial Stadium,142,Missouri,SEC,fbs,30.0,"[7, 3, 10, 0, 10]",0.27254257561101886,1795,1790.0,238,Vanderbilt,SEC,fbs,27.0,"[7, 6, 7, 0, 7]",0.7274574243889811,1312.0,1317.0,9.619524509,,
401628372,2024,4,regular,2024-09-21T23:30:00.000Z,False,True,False,False,,3795,Kyle Field,245,Texas A&M,SEC,fbs,26.0,"[7, 6, 7, 6]",0.9745075158794131,1689,1685.0,189,Bowling Green,Mid-American,fbs,20.0,"[0, 3, 14, 3]",0.02549248412058691,1444.0,1448.0,6.5177861153,,
401628370,2024,4,regular,2024-09-21T23:30:00.000Z,False,True,False,False,,3994,Williams-Brice Stadium,2579,South Carolina,SEC,fbs,50.0,"[15, 7, 7, 21]",0.998921525235758,1642,1699.0,2006,Akron,Mid-American,fbs,7.0,"[0, 7, 0, 0]",0.0010784747642420545,1110.0,1053.0,4.4608683407,,
401628369,2024,4,regular,2024-09-21T23:30:00.000Z,False,True,False,True,,3835,"Memorial Stadium (Norman, OK)",201,Oklahoma,SEC,fbs,15.0,"[3, 0, 0, 12]",0.09017369358378567,1848,1837.0,2633,Tennessee,SEC,fbs,25.0,"[10, 9, 3, 3]",0.9098263064162143,1964.0,1975.0,4.1458506038,,
401628366,2024,4,regular,2024-09-21T23:45:00.000Z,False,True,False,False,,3974,Vaught-Hemingway Stadium,145,Ole Miss,SEC,fbs,52.0,"[17, 7, 14, 14]",0.9988444751899406,1824,1879.0,290,Georgia Southern,Sun Belt,fbs,13.0,"[0, 7, 3, 3]",0.0011555248100594273,1379.0,1324.0,3.7532950843,,
401628371,2024,4,regular,2024-09-22T00:00:00.000Z,False,True,False,False,,3910,DKR-Texas Memorial Stadium,251,Texas,SEC,fbs,51.0,"[21, 7, 9, 14]",0.9988528992940259,2068,2107.0,2433,UL Monroe,Sun Belt,fbs,3.0,"[0, 3, 0, 0]",0.0011471007059741245,1249.0,1210.0,2.860845681,,
401628377,2024,5,regular,2024-09-28T16:00:00.000Z,False,True,False,True,,3974,Vaught-Hemingway Stadium,145,Ole Miss,SEC,fbs,17.0,"[7, 0, 10, 0]",0.5076055341165858,1879,1861.0,96,Kentucky,SEC,fbs,20.0,"[3, 7, 3, 7]",0.4923944658834142,1668.0,1686.0,8.5683895645,,
401628373,2024,5,regular,2024-09-28T19:30:00.000Z,False,True,True,True,,3687,AT&T Stadium,245,Texas A&M,SEC,fbs,21.0,"[7, 7, 0, 7]",0.36803582088856224,1685,1683.0,8,Arkansas,SEC,fbs,17.0,"[14, 0, 0, 3]",0.6319641791114378,1483.0,1485.0,9.688058168,,
401628375,2024,5,regular,2024-09-28T19:30:00.000Z,False,True,False,True,,3785,Jordan-Hare Stadium,2,Auburn,SEC,fbs,21.0,"[0, 14, 0, 7]",0.42386205342807326,1537,1547.0,201,Oklahoma,SEC,fbs,27.0,"[7, 0, 3, 17]",0.5761379465719267,1837.0,1827.0,5.7449637367,,
401628378,2024,5,regular,2024-09-28T20:15:00.000Z,False,True,False,True,,3910,DKR-Texas Memorial Stadium,251,Texas,SEC,fbs,35.0,"[7, 7, 7, 14]",0.9985122659942977,2107,2091.0,344,Mississippi State,SEC,fbs,13.0,"[0, 6, 0, 7]",0.0014877340057023458,1355.0,1371.0,5.1491934959,,
401628374,2024,5,regular,2024-09-28T23:30:00.000Z,False,True,False,True,,3657,Bryant-Denny Stadium,333,Alabama,SEC,fbs,41.0,"[21, 9, 3, 8]",0.932477756510748,2046,2056.0,61,Georgia,SEC,fbs,34.0,"[0, 7, 8, 19]",0.06752224348925195,2046.0,2036.0,5.7366653406,,
401628376,2024,5,regular,2024-09-28T23:45:00.000Z,False,True,False,False,,3958,Tiger Stadium (LA),99,LSU,SEC,fbs,42.0,"[21, 14, 0, 7]",0.9880716871609392,1805,1874.0,6,South Alabama,Sun Belt,fbs,10.0,"[0, 3, 7, 0]",0.011928312839060817,1657.0,1588.0,2.0744288057,,
401628383,2024,6,regular,2024-10-05T16:00:00.000Z,False,True,False,True,,3795,Kyle Field,245,Texas A&M,SEC,fbs,41.0,"[10, 14, 10, 7]",0.9988618929265699,1683,1781.0,142,Missouri,SEC,fbs,10.0,"[0, 0, 7, 3]",0.0011381070734300947,1790.0,1692.0,2.4205755334,,
401628382,2024,6,regular,2024-10-05T19:30:00.000Z,False,True,False,True,,3994,Williams-Brice Stadium,2579,South Carolina,SEC,fbs,3.0,"[0, 3, 0, 0]",0.04410312984767961,1699,1654.0,145,Ole Miss,SEC,fbs,27.0,"[14, 10, 3, 0]",0.9558968701523204,1861.0,1906.0,2.2922238837,,
401628381,2024,6,regular,2024-10-05T19:30:00.000Z,False,True,False,True,,3917,Sanford Stadium,61,Georgia,SEC,fbs,31.0,"[7, 7, 7, 10]",0.9274264938830571,2036,2033.0,2,Auburn,SEC,fbs,13.0,"[3, 0, 7, 3]",0.07257350611694291,1547.0,1550.0,4.5969947957,,
401628384,2024,6,regular,2024-10-05T20:15:00.000Z,False,True,False,True,,3973,FirstBank Stadium,238,Vanderbilt,SEC,fbs,40.0,"[13, 10, 7, 10]",0.8807790275067171,1317,1359.0,333,Alabama,SEC,fbs,35.0,"[7, 7, 14, 7]",0.1192209724932829,2056.0,2014.0,7.6288286297,,
401628379,2024,6,regular,2024-10-05T23:30:00.000Z,False,True,False,True,,3887,Razorback Stadium,8,Arkansas,SEC,fbs,19.0,"[3, 0, 7, 9]",0.853422504219712,1485,1513.0,2633,Tennessee,SEC,fbs,14.0,"[0, 0, 14, 0]",0.146577495780288,1975.0,1947.0,9.4409572777,,
401628380,2024,6,regular,2024-10-05T23:45:00.000Z,False,True,False,False,,3634,Ben Hill Griffin Stadium,57,Florida,SEC,fbs,24.0,"[7, 17, 0, 0]",0.9065111632798241,1516,1537.0,2116,UCF,Big 12,fbs,13.0,"[3, 0, 3, 7]",0.09348883672017594,1531.0,1510.0,3.6080238557,,
401628389,2024,7,regular,2024-10-12T16:00:00.000Z,False,True,False,False,,3985,Warren McGuirk Alumni Stadium,113,Massachusetts,FBS Independents,fbs,3.0,"[0, 3, 0, 0]",0.0007590125928680845,1070,1025.0,142,Missouri,SEC,fbs,45.0,"[14, 10, 21, 0]",0.999240987407132,1692.0,1737.0,1.6773361622,,
401628385,2024,7,regular,2024-10-12T16:00:00.000Z,False,True,False,True,,3657,Bryant-Denny Stadium,333,Alabama,SEC,fbs,27.0,"[7, 7, 0, 13]",0.5317165485267156,2014,2010.0,2579,South Carolina,SEC,fbs,25.0,"[0, 12, 7, 6]",0.46828345147328443,1654.0,1658.0,8.337485999,,
401628390,2024,7,regular,2024-10-12T19:30:00.000Z,False,True,True,True,,499,Cotton Bowl,201,Oklahoma,SEC,fbs,3.0,"[3, 0, 0, 0]",0.06185499673879433,1827,1780.0,251,Texas,SEC,fbs,34.0,"[0, 21, 3, 10]",0.9381450032612056,2091.0,2138.0,3.020050815,,Allstate Red River Rivalry
401628386,2024,7,regular,2024-10-12T20:15:00.000Z,False,True,False,True,,3917,Sanford Stadium,61,Georgia,SEC,fbs,41.0,"[10, 17, 7, 7]",0.9860373811833222,2033,2009.0,344,Mississippi State,SEC,fbs,31.0,"[3, 7, 14, 7]",0.013962618816677819,1371.0,1395.0,4.7759123974,,
401628391,2024,7,regular,2024-10-12T23:00:00.000Z,False,True,False,True,,3853,Neyland Stadium,2633,Tennessee,SEC,fbs,23.0,"[0, 0, 10, 7, 6]",0.7931088508179842,1947,1936.0,57,Florida,SEC,fbs,17.0,"[3, 0, 7, 7, 0]",0.2068911491820158,1537.0,1548.0,7.2760140012,,
401628388,2024,7,regular,2024-10-12T23:30:00.000Z,False,True,False,True,,3958,Tiger Stadium (LA),99,LSU,SEC,fbs,29.0,"[0, 13, 3, 7, 6]",0.26681076882312127,1874,1875.0,145,Ole Miss,SEC,fbs,26.0,"[0, 17, 3, 3, 3]",0.7331892311768787,1906.0,1905.0,8.6586387449,,
401628387,2024,7,regular,2024-10-12T23:45:00.000Z,False,True,False,True,,3683,Kroger Field,96,Kentucky,SEC,fbs,13.0,"[0, 7, 0, 6]",0.3874286012685711,1686,1645.0,238,Vanderbilt,SEC,fbs,20.0,"[7, 7, 3, 3]",0.612571398731429,1359.0,1400.0,4.0517060383,,
401628395,2024,8,regular,2024-10-19T16:00:00.000Z,False,True,False,True,,3838,Memorial Stadium,142,Missouri,SEC,fbs,21.0,"[3, 0, 3, 15]",0.23393596298858255,1737,1735.0,2,Auburn,SEC,fbs,17.0,"[0, 3, 14, 0]",0.7660640370114175,1550.0,1552.0,8.0479951949,,
401628396,2024,8,regular,2024-10-19T16:45:00.000Z,False,True,False,True,,3835,"Memorial Stadium (Norman, OK)",201,Oklahoma,SEC,fbs,9.0,"[0, 3, 6, 0]",0.15115189282518085,1780,1694.0,2579,South Carolina,SEC,fbs,35.0,"[21, 11, 0, 3]",0.8488481071748192,1658.0,1744.0,1.9556014898,,
401628397,2024,8,regular,2024-10-19T19:30:00.000Z,False,True,False,True,,3853,Neyland Stadium,2633,Tennessee,SEC,fbs,24.0,"[0, 0, 14, 10]",0.9341870502227599,1936,1950.0,333,Alabama,SEC,fbs,17.0,"[0, 7, 3, 7]",0.06581294977724006,2010.0,1996.0,9.9902493945,,
401628394,2024,8,regular,2024-10-19T20:15:00.000Z,False,True,False,True,,3693,Davis Wade Stadium,344,Mississippi State,SEC,fbs,24.0,"[7, 10, 0, 7]",0.027039430126155475,1395,1405.0,245,Texas A&M,SEC,fbs,34.0,"[7, 14, 10, 3]",0.9729605698738445,1781.0,1771.0,4.4843261843,,
401628399,2024,8,regular,2024-10-19T23:00:00.000Z,False,True,False,False,,3973,FirstBank Stadium,238,Vanderbilt,SEC,fbs,24.0,"[3, 11, 0, 10]",0.9042891884815737,1400,1396.0,2050,Ball State,Mid-American,fbs,14.0,"[7, 0, 7, 0]",0.09571081151842631,1085.0,1089.0,7.2337044479,,
401628392,2024,8,regular,2024-10-19T23:00:00.000Z,False,True,False,True,,3887,Razorback Stadium,8,Arkansas,SEC,fbs,10.0,"[0, 7, 3, 0]",0.07073032520246239,1513,1490.0,99,LSU,SEC,fbs,34.0,"[10, 6, 8, 10]",0.9292696747975376,1875.0,1898.0,3.2139788267,,
401628398,2024,8,regular,2024-10-19T23:30:00.000Z,False,True,False,True,,3910,DKR-Texas Memorial Stadium,251,Texas,SEC,fbs,15.0,"[0, 0, 15, 0]",0.012471064367557372,2138,2089.0,61,Georgia,SEC,fbs,30.0,"[7, 16, 0, 7]",0.9875289356324426,2009.0,2058.0,3.975470081,,
401628393,2024,8,regular,2024-10-19T23:45:00.000Z,False,True,False,True,,3634,Ben Hill Griffin Stadium,57,Florida,SEC,fbs,48.0,"[3, 24, 7, 14]",0.9984042579380444,1548,1634.0,96,Kentucky,SEC,fbs,20.0,"[0, 13, 7, 0]",0.001595742061955563,1645.0,1559.0,4.47219541,,
401628402,2024,9,regular,2024-10-26T16:00:00.000Z,False,False,False,True,,3974,Vaught-Hemingway Stadium,145,Ole Miss,SEC,fbs,,,,1905,,201,Oklahoma,SEC,fbs,,,,1694.0,,,,
401628403,2024,9,regular,2024-10-26T16:45:00.000Z,False,False,False,True,,3693,Davis Wade Stadium,344,Mississippi State,SEC,fbs,,,,1405,,8,Arkansas,SEC,fbs,,,,1490.0,,,,
401628400,2024,9,regular,2024-10-26T19:30:00.000Z,False,False,False,True,,3657,Bryant-Denny Stadium,333,Alabama,SEC,fbs,,,,1996,,142,Missouri,SEC,fbs,,,,1735.0,,,,
401628405,2024,9,regular,2024-10-26T20:15:00.000Z,False,False,False,True,,3973,FirstBank Stadium,238,Vanderbilt,SEC,fbs,,,,1396,,251,Texas,SEC,fbs,,,,2089.0,,,,
401628404,2024,9,regular,2024-10-26T23:30:00.000Z,False,False,False,True,,3795,Kyle Field,245,Texas A&M,SEC,fbs,,,,1771,,99,LSU,SEC,fbs,,,,1898.0,,,,
401628401,2024,9,regular,2024-10-26T23:45:00.000Z,False,False,False,True,,3683,Kroger Field,96,Kentucky,SEC,fbs,,,,1559,,2,Auburn,SEC,fbs,,,,1552.0,,,,
401628412,2024,10,regular,2024-11-02T04:00:00.000Z,True,False,False,True,,3853,Neyland Stadium,2633,Tennessee,SEC,fbs,,,,1950,,96,Kentucky,SEC,fbs,,,,1559.0,,,,NIGHT: 6 - 8pm ET start
401628406,2024,10,regular,2024-11-02T04:00:00.000Z,True,False,False,True,,3887,Razorback Stadium,8,Arkansas,SEC,fbs,,,,1490,,145,Ole Miss,SEC,fbs,,,,1905.0,,,,EARLY: Noon - 1pm ET start
401628407,2024,10,regular,2024-11-02T04:00:00.000Z,True,False,False,True,,3785,Jordan-Hare Stadium,2,Auburn,SEC,fbs,,,,1552,,238,Vanderbilt,SEC,fbs,,,,1396.0,,,,EARLY: Noon - 1pm ET start
401628411,2024,10,regular,2024-11-02T04:00:00.000Z,True,False,False,True,,3994,Williams-Brice Stadium,2579,South Carolina,SEC,fbs,,,,1744,,245,Texas A&M,SEC,fbs,,,,1771.0,,,,NIGHT: 6 - 8pm ET start
401628410,2024,10,regular,2024-11-02T18:30:00.000Z,False,False,False,False,,3835,"Memorial Stadium (Norman, OK)",201,Oklahoma,SEC,fbs,,,,1696,1696.0,311,Maine,CAA,fcs,,,,,,,,
401628408,2024,10,regular,2024-11-02T19:30:00.000Z,False,False,True,True,,3712,EverBank Stadium,61,Georgia,SEC,fbs,,,,2058,,57,Florida,SEC,fbs,,,,1634.0,,,,
401628409,2024,10,regular,2024-11-02T20:15:00.000Z,False,False,False,False,,3693,Davis Wade Stadium,344,Mississippi State,SEC,fbs,,,,1405,,113,Massachusetts,FBS Independents,fbs,,,,1025.0,,,,
401628415,2024,11,regular,2024-11-09T05:00:00.000Z,True,False,False,True,,3838,Memorial Stadium,142,Missouri,SEC,fbs,,,,1735,,201,Oklahoma,SEC,fbs,,,,1694.0,,,,FLEX: 3:30 - 4:30pm OR 6 - 8pm ET start
401628418,2024,11,regular,2024-11-09T05:00:00.000Z,True,False,False,True,,3973,FirstBank Stadium,238,Vanderbilt,SEC,fbs,,,,1396,,2579,South Carolina,SEC,fbs,,,,1744.0,,,,AFTERNOON: 3:30 - 4:30pm ET start
401628416,2024,11,regular,2024-11-09T05:00:00.000Z,True,False,False,True,,3853,Neyland Stadium,2633,Tennessee,SEC,fbs,,,,1950,,344,Mississippi State,SEC,fbs,,,,1405.0,,,,NIGHT: 6 - 8pm ET start
401628414,2024,11,regular,2024-11-09T05:00:00.000Z,True,False,False,True,,3974,Vaught-Hemingway Stadium,145,Ole Miss,SEC,fbs,,,,1905,,61,Georgia,SEC,fbs,,,,2058.0,,,,FLEX: 3:30 - 4:30pm OR 6 - 8pm ET start
401628413,2024,11,regular,2024-11-09T05:00:00.000Z,True,False,False,True,,3958,Tiger Stadium (LA),99,LSU,SEC,fbs,,,,1898,,333,Alabama,SEC,fbs,,,,1996.0,,,,FLEX: 3:30 - 4:30pm OR 6 - 8pm ET start
401628417,2024,11,regular,2024-11-09T17:00:00.000Z,False,False,False,True,,3910,DKR-Texas Memorial Stadium,251,Texas,SEC,fbs,,,,2089,,57,Florida,SEC,fbs,,,,1634.0,,,,
401628420,2024,12,regular,2024-11-16T05:00:00.000Z,True,False,False,True,,3634,Ben Hill Griffin Stadium,57,Florida,SEC,fbs,,,,1634,,99,LSU,SEC,fbs,,,,1898.0,,,,FLEX: 3:30 - 4:30pm OR 6 - 8pm ET start
401628421,2024,12,regular,2024-11-16T05:00:00.000Z,True,False,False,True,,3917,Sanford Stadium,61,Georgia,SEC,fbs,,,,2058,,2633,Tennessee,SEC,fbs,,,,1950.0,,,,FLEX: 3:30 - 4:30pm OR 6 - 8pm ET start
401628423,2024,12,regular,2024-11-16T05:00:00.000Z,True,False,False,True,,3994,Williams-Brice Stadium,2579,South Carolina,SEC,fbs,,,,1744,,142,Missouri,SEC,fbs,,,,1735.0,,,,AFTERNOON: 3:30 - 4:30pm ET start
401628419,2024,12,regular,2024-11-16T17:00:00.000Z,False,False,False,True,,3887,Razorback Stadium,8,Arkansas,SEC,fbs,,,,1490,,251,Texas,SEC,fbs,,,,2089.0,,,,
401628426,2024,12,regular,2024-11-16T17:45:00.000Z,False,False,False,False,,3785,Jordan-Hare Stadium,2,Auburn,SEC,fbs,,,,1552,,2433,UL Monroe,Sun Belt,fbs,,,,1272.0,,,,
401628422,2024,12,regular,2024-11-16T18:30:00.000Z,False,False,False,False,,3683,Kroger Field,96,Kentucky,SEC,fbs,,,,1570,1570.0,93,Murray State,MVFC,fcs,,,,,,,,
401628425,2024,12,regular,2024-11-16T19:00:00.000Z,False,False,False,False,,3657,Bryant-Denny Stadium,333,Alabama,SEC,fbs,,,,1999,1999.0,2382,Mercer,Southern,fcs,,,,,,,,
401628424,2024,12,regular,2024-11-17T00:45:00.000Z,False,False,False,False,,3795,Kyle Field,245,Texas A&M,SEC,fbs,,,,1771,,166,New Mexico State,Conference USA,fbs,,,,1164.0,,,,
401628433,2024,13,regular,2024-11-23T05:00:00.000Z,True,False,False,True,,3835,"Memorial Stadium (Norman, OK)",201,Oklahoma,SEC,fbs,,,,1694,,333,Alabama,SEC,fbs,,,,1996.0,,,,FLEX: 3:30 - 4:30pm OR 6 - 8pm ET start
401628436,2024,13,regular,2024-11-23T05:00:00.000Z,True,False,False,True,,3910,DKR-Texas Memorial Stadium,251,Texas,SEC,fbs,,,,2089,,96,Kentucky,SEC,fbs,,,,1559.0,,,,FLEX: 3:30 - 4:30pm OR 6 - 8pm ET start
401628428,2024,13,regular,2024-11-23T05:00:00.000Z,True,False,False,True,,3785,Jordan-Hare Stadium,2,Auburn,SEC,fbs,,,,1552,,245,Texas A&M,SEC,fbs,,,,1771.0,,,,FLEX: 3:30 - 4:30pm OR 6 - 8pm ET start
401628427,2024,13,regular,2024-11-23T05:00:00.000Z,True,False,False,False,,3887,Razorback Stadium,8,Arkansas,SEC,fbs,,,,1490,,2348,Louisiana Tech,Conference USA,fbs,,,,1284.0,,,,
401628431,2024,13,regular,2024-11-23T05:00:00.000Z,True,False,False,True,,3958,Tiger Stadium (LA),99,LSU,SEC,fbs,,,,1898,,238,Vanderbilt,SEC,fbs,,,,1396.0,,,,NIGHT: 6 - 8pm ET start
401628432,2024,13,regular,2024-11-23T05:00:00.000Z,True,False,False,True,,3693,Davis Wade Stadium,344,Mississippi State,SEC,fbs,,,,1405,,142,Missouri,SEC,fbs,,,,1735.0,,,,AFTERNOON: 3:30 - 4:30pm ET start
401628429,2024,13,regular,2024-11-23T17:00:00.000Z,False,False,False,True,,3634,Ben Hill Griffin Stadium,57,Florida,SEC,fbs,,,,1634,,145,Ole Miss,SEC,fbs,,,,1905.0,,,,
401628430,2024,13,regular,2024-11-23T17:45:00.000Z,False,False,False,False,,3917,Sanford Stadium,61,Georgia,SEC,fbs,,,,2058,,113,Massachusetts,FBS Independents,fbs,,,,1025.0,,,,
401628435,2024,13,regular,2024-11-23T18:00:00.000Z,False,False,False,False,,3853,Neyland Stadium,2633,Tennessee,SEC,fbs,,,,1950,,2638,UTEP,Conference USA,fbs,,,,1162.0,,,,
401628434,2024,13,regular,2024-11-23T21:00:00.000Z,False,False,False,False,,3994,Williams-Brice Stadium,2579,South Carolina,SEC,fbs,,,,1742,1742.0,2747,Wofford,Southern,fcs,,,,,,,,
401628442,2024,14,regular,2024-11-29T20:30:00.000Z,False,False,False,True,,3974,Vaught-Hemingway Stadium,145,Ole Miss,SEC,fbs,,,,1905,,344,Mississippi State,SEC,fbs,,,,1405.0,,,,
401628439,2024,14,regular,2024-11-30T00:30:00.000Z,False,False,False,False,,3917,Sanford Stadium,61,Georgia,SEC,fbs,,,,2058,,59,Georgia Tech,ACC,fbs,,,,1581.0,,,,
401628441,2024,14,regular,2024-11-30T05:00:00.000Z,True,False,False,True,,3958,Tiger Stadium (LA),99,LSU,SEC,fbs,,,,1898,,201,Oklahoma,SEC,fbs,,,,1694.0,,,,FLEX: 3:30 - 4:30pm OR 6 - 8pm ET start
401628445,2024,14,regular,2024-11-30T05:00:00.000Z,True,False,False,True,,3795,Kyle Field,245,Texas A&M,SEC,fbs,,,,1771,,251,Texas,SEC,fbs,,,,2089.0,,,,FLEX: 3:30 - 4:30pm OR 6 - 8pm ET start
401628444,2024,14,regular,2024-11-30T05:00:00.000Z,True,False,False,False,,3836,"Memorial Stadium (Clemson, SC)",228,Clemson,ACC,fbs,,,,1863,,2579,South Carolina,SEC,fbs,,,,1744.0,,,,
401628440,2024,14,regular,2024-11-30T05:00:00.000Z,True,False,False,False,,3683,Kroger Field,96,Kentucky,SEC,fbs,,,,1559,,97,Louisville,ACC,fbs,,,,1691.0,,,,FLEX: 3:30 - 4:30pm OR 6 - 8pm ET start
401628437,2024,14,regular,2024-11-30T05:00:00.000Z,True,False,False,True,,3657,Bryant-Denny Stadium,333,Alabama,SEC,fbs,,,,1996,,2,Auburn,SEC,fbs,,,,1552.0,,,,FLEX: 3:30 - 4:30pm OR 6 - 8pm ET start
401628443,2024,14,regular,2024-11-30T05:00:00.000Z,True,False,False,True,,3838,Memorial Stadium,142,Missouri,SEC,fbs,,,,1735,,8,Arkansas,SEC,fbs,,,,1490.0,,,,AFTERNOON: 3:30 - 4:30pm ET start
401628446,2024,14,regular,2024-11-30T05:00:00.000Z,True,False,False,True,,3973,FirstBank Stadium,238,Vanderbilt,SEC,fbs,,,,1396,,2633,Tennessee,SEC,fbs,,,,1950.0,,,,EARLY: Noon - 1pm ET start
401628438,2024,14,regular,2024-11-30T05:00:00.000Z,True,False,False,False,,3697,Doak Campbell Stadium,52,Florida State,ACC,fbs,,,,1526,,57,Florida,SEC,fbs,,,,1634.0,,,,
